Workbook

Sheet Impedimentos
A1: Sprint 4 · Registro de impedimentos (impediment log)
A2: Un impedimento es algo que ya está frenando el trabajo y necesita una acción. Un riesgo es algo que podría ocurrir: vive en el anexo A del Pilar 5.
A3: Fecha de corte | D3: ← para calcular los días abiertos; si queda vacía, se usa la fecha de hoy.
A5: ID | B5: Fecha detectado | C5: Descripción | D5: Historia o área | E5: Tipo | F5: Impacto | G5: Detectado por | H5: Responsable | I5: Acción | J5: Estado | K5: Fecha resolución | L5: Días abierto | M5: Riesgo relacionado | N5: Evidencia
L6: =IF(B6="","",IF(K6<>"",K6-B6,IF($C$3="",TODAY(),$C$3)-B6))
L7: =IF(B7="","",IF(K7<>"",K7-B7,IF($C$3="",TODAY(),$C$3)-B7))
L8: =IF(B8="","",IF(K8<>"",K8-B8,IF($C$3="",TODAY(),$C$3)-B8))
L9: =IF(B9="","",IF(K9<>"",K9-B9,IF($C$3="",TODAY(),$C$3)-B9))
L10: =IF(B10="","",IF(K10<>"",K10-B10,IF($C$3="",TODAY(),$C$3)-B10))
L11: =IF(B11="","",IF(K11<>"",K11-B11,IF($C$3="",TODAY(),$C$3)-B11))
L12: =IF(B12="","",IF(K12<>"",K12-B12,IF($C$3="",TODAY(),$C$3)-B12))
L13: =IF(B13="","",IF(K13<>"",K13-B13,IF($C$3="",TODAY(),$C$3)-B13))
L14: =IF(B14="","",IF(K14<>"",K14-B14,IF($C$3="",TODAY(),$C$3)-B14))
L15: =IF(B15="","",IF(K15<>"",K15-B15,IF($C$3="",TODAY(),$C$3)-B15))
L16: =IF(B16="","",IF(K16<>"",K16-B16,IF($C$3="",TODAY(),$C$3)-B16))
L17: =IF(B17="","",IF(K17<>"",K17-B17,IF($C$3="",TODAY(),$C$3)-B17))
... L25: =IF(B25="","",IF(K25<>"",K25-B25,IF($C$3="",TODAY(),$C$3)-B25))
A27: Al planificar este sprint, copia aquí los impedimentos que quedaron abiertos al cierre del sprint anterior, con su ID original (en el sprint 1, al 27-09: IMP-03 a IMP-08). Los nuevos continúan la numeración.

Sheet Resumen
A1: Sprint 4 · Resumen de impedimentos
A2: Se calcula desde la hoja Impedimentos.
A4: Estado | B4: Cantidad | D4: Tipo | E4: Cantidad
A5: Abierto | B5: =COUNTIF(Impedimentos!$J$6:$J$25,$A5) -> 0 | D5: Técnico | E5: =COUNTIF(Impedimentos!$E$6:$E$25,$D5) -> 0
A6: En curso | B6: =COUNTIF(Impedimentos!$J$6:$J$25,$A6) -> 0 | D6: Proceso | E6: =COUNTIF(Impedimentos!$E$6:$E$25,$D6) -> 0
A7: Resuelto | B7: =COUNTIF(Impedimentos!$J$6:$J$25,$A7) -> 0 | D7: Externo | E7: =COUNTIF(Impedimentos!$E$6:$E$25,$D7) -> 0
A8: Total | B8: =SUM(B5:B7) -> 0 | D8: Capacidad | E8: =COUNTIF(Impedimentos!$E$6:$E$25,$D8) -> 0
A11: Días promedio hasta resolver | B11: =IFERROR(AVERAGEIFS(Impedimentos!$L$6:$L$25,Impedimentos!$J$6:$J$25,"Resuelto"),"—") -> —
A12: Abiertos con impacto alto | B12: =COUNTIFS(Impedimentos!$J$6:$J$25,"<>Resuelto",Impedimentos!$F$6:$F$25,"Alto",Impedimentos!$A$6:$A$25,"<>") -> 0

Sheet Leyenda
A1: Sprint 4 · Leyenda del registro de impedimentos
A3: Qué se registra
A4: Impedimento | B4: Algo que ya está frenando el trabajo del sprint y que la persona no puede resolver sola en 24 horas (acuerdo A3), o que necesita una decisión del equipo.
A5: No es un impedimento | B5: Un riesgo que todavía no ocurre (va al anexo A del Pilar 5) o una tarea pendiente (va al tablero).
A6: Tipo | B6: Técnico (algo del sistema o las herramientas) · Proceso (algo de cómo trabajamos) · Externo (depende de alguien de fuera) · Capacidad (faltan horas).
A7: Impacto | B7: Alto: pone en duda el objetivo del sprint. Medio: atrasa una historia. Bajo: incomoda, pero no atrasa.
A8: Estado | B8: Abierto · En curso (alguien ya está actuando) · Resuelto (con fecha de resolución).
A9: Días abierto | B9: Se calcula solo: hasta la fecha de resolución o, si sigue abierto, hasta la fecha de corte.
A10: Responsable | B10: Quien mueve la acción, no necesariamente quien lo detectó. El líder, como Scrum Master, revisa los abiertos en cada sincronización.
A12: Fila de ejemplo (ilustrativa, no es un registro real)
A13: Ejemplo | B13: IMP-XX · 30-09-2026 · «La pantalla de registro no puede conectarse porque el contrato de Identidad no está congelado» · HU-09 · Proceso · Alto · Detectado por: Damaris · Responsable: Bryan · Acción: congelar el contrato en la sincronización del martes · Estado: En curso.
