Workbook

Sheet Sprint Backlog
A1: Sprint 2 · Sprint Backlog, Scrumboard y Burndown
A2: 05-10-2026 al 18-10-2026 · semanas S9 y S10 del curso · versión v0.2 en main al cierre
A4: Objetivo del sprint | C4: Que un usuario complete su perfil, declare una asignatura habilitada con su tarifa y publique disponibilidad; y dejar construidos contra contrato la solicitud de tutoría, los avisos por correo y la sincronización de las copias de lectura.
A5: Se demuestra al cierre | C5: CA2 completo, incluido el rechazo cuando la asignatura no corresponde al nivel, y el catálogo cargado con las carreras comprometidas. Además, una solicitud creada contra la API y su aviso en la bandeja de desarrollo, si la integración alcanza.
A6: Contratos que se congelan | C6: Se congelan al abrir el sprint con la primera parte de HU-11: Identidad (GET y PATCH /yo), Catálogo (/carreras, /sedes, /carreras/{id}/asignaturas, /asignaturas?buscar= y sus endpoints internos), Tutorías (/perfiles, /disponibilidad y POST /reservas) y el aviso interno de Identidad (POST /internal/avisos), que HU-16 construye contra contrato.
A7: Inicio | C7: 46300 | D7: Término | E7: 46313 | G7: Actualizado al | I7: ← cambia esta fecha cada vez que actualices los estados; el burndown se dibuja hasta ella.
A9: ID | B9: Historia | C9: Tipo | D9: Dueño | E9: Revisor sugerido | F9: Horas | G9: Cuándo (previsto) | H9: Estado | I9: Fecha Listo | J9: Horas reales | K9: Rama o Pull Request | L9: Criterios del MVP | M9: Notas | N9: Orden | O9: Clave | P9: Tarjeta del tablero
A10: HU-11 | B10: Pruebas de Identidad y contratos del sprint 2 | C10: Técnica | D10: Bryan | E10: Damaris | F10: 8 | G10: Contratos el 05-10; pruebas en la semana 2 | H10: Por hacer | L10: CA1 · CA2 | M10: Se parte en dos: los contratos el primer día del sprint y las pruebas en la segunda semana. Los contratos se escriben antes del 05-10, idealmente en la planificación del 04-10: nada se construye contra un contrato no escrito (A9). | N10: =IF(H10="","",COUNTIF(H$10:H10,H10)) -> 1 | O10: =IF(H10="","",H10&"|"&N10) -> Por hacer|1 | P10: =A10&" · "&B10&" · "&D10&" · "&F10&" h" -> HU-11 · Pruebas de Identidad y contratos del sprint 2 · Bryan · 8 h
A11: HU-10 | B11: Perfil con carrera, nivel y sede | C11: Usuario | D11: Bryan | E11: Damaris | F11: 12 | G11: Semana 1 (5 al 11-10) | H11: Por hacer | L11: CA2 | N11: =IF(H11="","",COUNTIF(H$10:H11,H11)) -> 2 | O11: =IF(H11="","",H11&"|"&N11) -> Por hacer|2 | P11: =A11&" · "&B11&" · "&D11&" · "&F11&" h" -> HU-10 · Perfil con carrera, nivel y sede · Bryan · 12 h
A12: HU-12 | B12: Carreras, sedes, asignaturas y mallas (API) | C12: Usuario | D12: Francisco | E12: Bryan | F12: 14 | G12: Semana 1 (5 al 11-10) | H12: Por hacer | L12: CA2 | M12: Tiene 14 h: se parte en dos ramas (listas y búsqueda; malla y endpoints internos). | N12: =IF(H12="","",COUNTIF(H$10:H12,H12)) -> 3 | O12: =IF(H12="","",H12&"|"&N12) -> Por hacer|3 | P12: =A12&" · "&B12&" · "&D12&" · "&F12&" h" -> HU-12 · Carreras, sedes, asignaturas y mallas (API) · Francisco · 14 h
A13: HU-14 | B13: Declarar asignaturas con tarifa (RN-01) | C13: Usuario | D13: Damaris | E13: Francisco | F13: 14 | G13: Semana 1 (5 al 11-10) | H13: Por hacer | L13: CA2 | M13: Tiene 14 h: se parte en dos ramas (regla RN-01; copias de lectura y pantalla). | N13: =IF(H13="","",COUNTIF(H$10:H13,H13)) -> 4 | O13: =IF(H13="","",H13&"|"&N13) -> Por hacer|4 | P13: =A13&" · "&B13&" · "&D13&" · "&F13&" h" -> HU-14 · Declarar asignaturas con tarifa (RN-01) · Damaris · 14 h
A14: HU-15 | B14: Bloques de disponibilidad | C14: Usuario | D14: Damaris | E14: Francisco | F14: 12 | G14: Semana 2 (12 al 18-10) | H14: Por hacer | L14: CA2 | N14: =IF(H14="","",COUNTIF(H$10:H14,H14)) -> 5 | O14: =IF(H14="","",H14&"|"&N14) -> Por hacer|5 | P14: =A14&" · "&B14&" · "&D14&" · "&F14&" h" -> HU-15 · Bloques de disponibilidad · Damaris · 12 h
A15: HU-13 | B15: Carga de 3 a 5 carreras | C15: Usuario | D15: Francisco | E15: Bryan | F15: 12 | G15: Semana 2 (12 al 18-10) | H15: Por hacer | L15: CA2 | N15: =IF(H15="","",COUNTIF(H$10:H15,H15)) -> 6 | O15: =IF(H15="","",H15&"|"&N15) -> Por hacer|6 | P15: =A15&" · "&B15&" · "&D15&" · "&F15&" h" -> HU-13 · Carga de 3 a 5 carreras · Francisco · 12 h
A16: HU-19 | B16: Sincronización de copias de lectura | C16: Técnica | D16: Francisco | E16: Bryan | F16: 10 | G16: Semana 2 (12 al 18-10) | H16: Por hacer | L16: CA3 · CA7 | M16: Adelantada del sprint 3 al 2 en la replanificación. Se ejecuta a mano hasta que exista el contenedor programador (HU-37). | N16: =IF(H16="","",COUNTIF(H$10:H16,H16)) -> 7 | O16: =IF(H16="","",H16&"|"&N16) -> Por hacer|7 | P16: =A16&" · "&B16&" · "&D16&" · "&F16&" h" -> HU-19 · Sincronización de copias de lectura · Francisco · 10 h
A17: HU-21 | B17: Solicitar una tutoría | C17: Usuario | D17: Damaris | E17: Francisco | F17: 8 | G17: Semana 2 (12 al 18-10) | H17: Por hacer | L17: CA3 | M17: Adelantada del sprint 3 al 2 en la replanificación. | N17: =IF(H17="","",COUNTIF(H$10:H17,H17)) -> 8 | O17: =IF(H17="","",H17&"|"&N17) -> Por hacer|8 | P17: =A17&" · "&B17&" · "&D17&" · "&F17&" h" -> HU-21 · Solicitar una tutoría · Damaris · 8 h
A18: HU-16 | B18: Avisos por correo | C18: Usuario | D18: Bryan | E18: Damaris | F18: 10 | G18: Semana 2 (12 al 18-10) | H18: Por hacer | L18: CA3 · CA4 | M18: Adelantada del sprint 3 al 2 en la replanificación: se construye contra el contrato y se integra en el sprint 3. | N18: =IF(H18="","",COUNTIF(H$10:H18,H18)) -> 9 | O18: =IF(H18="","",H18&"|"&N18) -> Por hacer|9 | P18: =A18&" · "&B18&" · "&D18&" · "&F18&" h" -> HU-16 · Avisos por correo · Bryan · 10 h
B19: Total comprometido | F19: =SUM(F10:F18) -> 100 | J19: =SUM(J10:J18) -> 0
B20: Horas terminadas (Listo) | F20: =SUMIFS(F10:F18,H10:H18,"Listo") -> 0
B21: % terminado | F21: =IF(F19=0,0,F20/F19) -> 0
B22: Indicador al cierre | C22: =IF(F21<0.9,"Bajo el 90 %: se aplica el escalón 3 del orden de recorte (replanificación)","Sobre el umbral: se planifica el sprint siguiente sin recorte") -> Bajo el 90 %: se aplica el escalón 3 del orden de recorte (replanificación)
A24: Las columnas grises (Orden, Clave y Tarjeta) alimentan la hoja Scrumboard: no se editan.

Sheet Scrumboard
A1: Sprint 2 · Scrumboard
A2: Se actualiza solo: cambia el Estado de cada historia en la hoja Sprint Backlog.
A4: ="Por hacer · "&COUNTIF('Sprint Backlog'!$H$10:$H$18,"Por hacer")&IF(COUNTIF('Sprint Backlog'!$H$10:$H$18,"Por hacer")=1," historia · "," historias · ")&SUMIFS('Sprint Backlog'!$F$10:$F$18,'Sprint Backlog'!$H$10:$H$18,"Por hacer")&" h" -> Por hacer · 9 historias · 100 h | B4: ="En curso · "&COUNTIF('Sprint Backlog'!$H$10:$H$18,"En curso")&IF(COUNTIF('Sprint Backlog'!$H$10:$H$18,"En curso")=1," historia · "," historias · ")&SUMIFS('Sprint Backlog'!$F$10:$F$18,'Sprint Backlog'!$H$10:$H$18,"En curso")&" h" -> En curso · 0 historias · 0 h | C4: ="En revisión · "&COUNTIF('Sprint Backlog'!$H$10:$H$18,"En revisión")&IF(COUNTIF('Sprint Backlog'!$H$10:$H$18,"En revisión")=1," historia · "," historias · ")&SUMIFS('Sprint Backlog'!$F$10:$F$18,'Sprint Backlog'!$H$10:$H$18,"En revisión")&" h" -> En revisión · 0 historias · 0 h | D4: ="Listo · "&COUNTIF('Sprint Backlog'!$H$10:$H$18,"Listo")&IF(COUNTIF('Sprint Backlog'!$H$10:$H$18,"Listo")=1," historia · "," historias · ")&SUMIFS('Sprint Backlog'!$F$10:$F$18,'Sprint Backlog'!$H$10:$H$18,"Listo")&" h" -> Listo · 0 historias · 0 h
A5: =IFERROR(INDEX('Sprint Backlog'!$P$10:$P$18,MATCH("Por hacer|"&1,'Sprint Backlog'!$O$10:$O$18,0)),"") -> HU-11 · Pruebas de Identidad y contratos del sprint 2 · Bryan · 8 h | B5: =IFERROR(INDEX('Sprint Backlog'!$P$10:$P$18,MATCH("En curso|"&1,'Sprint Backlog'!$O$10:$O$18,0)),"") | C5: =IFERROR(INDEX('Sprint Backlog'!$P$10:$P$18,MATCH("En revisión|"&1,'Sprint Backlog'!$O$10:$O$18,0)),"") | D5: =IFERROR(INDEX('Sprint Backlog'!$P$10:$P$18,MATCH("Listo|"&1,'Sprint Backlog'!$O$10:$O$18,0)),"")
A6: =IFERROR(INDEX('Sprint Backlog'!$P$10:$P$18,MATCH("Por hacer|"&2,'Sprint Backlog'!$O$10:$O$18,0)),"") -> HU-10 · Perfil con carrera, nivel y sede · Bryan · 12 h | B6: =IFERROR(INDEX('Sprint Backlog'!$P$10:$P$18,MATCH("En curso|"&2,'Sprint Backlog'!$O$10:$O$18,0)),"") | C6: =IFERROR(INDEX('Sprint Backlog'!$P$10:$P$18,MATCH("En revisión|"&2,'Sprint Backlog'!$O$10:$O$18,0)),"") | D6: =IFERROR(INDEX('Sprint Backlog'!$P$10:$P$18,MATCH("Listo|"&2,'Sprint Backlog'!$O$10:$O$18,0)),"")
A7: =IFERROR(INDEX('Sprint Backlog'!$P$10:$P$18,MATCH("Por hacer|"&3,'Sprint Backlog'!$O$10:$O$18,0)),"") -> HU-12 · Carreras, sedes, asignaturas y mallas (API) · Francisco · 14 h | B7: =IFERROR(INDEX('Sprint Backlog'!$P$10:$P$18,MATCH("En curso|"&3,'Sprint Backlog'!$O$10:$O$18,0)),"") | C7: =IFERROR(INDEX('Sprint Backlog'!$P$10:$P$18,MATCH("En revisión|"&3,'Sprint Backlog'!$O$10:$O$18,0)),"") | D7: =IFERROR(INDEX('Sprint Backlog'!$P$10:$P$18,MATCH("Listo|"&3,'Sprint Backlog'!$O$10:$O$18,0)),"")
A8: =IFERROR(INDEX('Sprint Backlog'!$P$10:$P$18,MATCH("Por hacer|"&4,'Sprint Backlog'!$O$10:$O$18,0)),"") -> HU-14 · Declarar asignaturas con tarifa (RN-01) · Damaris · 14 h | B8: =IFERROR(INDEX('Sprint Backlog'!$P$10:$P$18,MATCH("En curso|"&4,'Sprint Backlog'!$O$10:$O$18,0)),"") | C8: =IFERROR(INDEX('Sprint Backlog'!$P$10:$P$18,MATCH("En revisión|"&4,'Sprint Backlog'!$O$10:$O$18,0)),"") | D8: =IFERROR(INDEX('Sprint Backlog'!$P$10:$P$18,MATCH("Listo|"&4,'Sprint Backlog'!$O$10:$O$18,0)),"")
A9: =IFERROR(INDEX('Sprint Backlog'!$P$10:$P$18,MATCH("Por hacer|"&5,'Sprint Backlog'!$O$10:$O$18,0)),"") -> HU-15 · Bloques de disponibilidad · Damaris · 12 h | B9: =IFERROR(INDEX('Sprint Backlog'!$P$10:$P$18,MATCH("En curso|"&5,'Sprint Backlog'!$O$10:$O$18,0)),"") | C9: =IFERROR(INDEX('Sprint Backlog'!$P$10:$P$18,MATCH("En revisión|"&5,'Sprint Backlog'!$O$10:$O$18,0)),"") | D9: =IFERROR(INDEX('Sprint Backlog'!$P$10:$P$18,MATCH("Listo|"&5,'Sprint Backlog'!$O$10:$O$18,0)),"")
A10: =IFERROR(INDEX('Sprint Backlog'!$P$10:$P$18,MATCH("Por hacer|"&6,'Sprint Backlog'!$O$10:$O$18,0)),"") -> HU-13 · Carga de 3 a 5 carreras · Francisco · 12 h | B10: =IFERROR(INDEX('Sprint Backlog'!$P$10:$P$18,MATCH("En curso|"&6,'Sprint Backlog'!$O$10:$O$18,0)),"") | C10: =IFERROR(INDEX('Sprint Backlog'!$P$10:$P$18,MATCH("En revisión|"&6,'Sprint Backlog'!$O$10:$O$18,0)),"") | D10: =IFERROR(INDEX('Sprint Backlog'!$P$10:$P$18,MATCH("Listo|"&6,'Sprint Backlog'!$O$10:$O$18,0)),"")
A11: =IFERROR(INDEX('Sprint Backlog'!$P$10:$P$18,MATCH("Por hacer|"&7,'Sprint Backlog'!$O$10:$O$18,0)),"") -> HU-19 · Sincronización de copias de lectura · Francisco · 10 h | B11: =IFERROR(INDEX('Sprint Backlog'!$P$10:$P$18,MATCH("En curso|"&7,'Sprint Backlog'!$O$10:$O$18,0)),"") | C11: =IFERROR(INDEX('Sprint Backlog'!$P$10:$P$18,MATCH("En revisión|"&7,'Sprint Backlog'!$O$10:$O$18,0)),"") | D11: =IFERROR(INDEX('Sprint Backlog'!$P$10:$P$18,MATCH("Listo|"&7,'Sprint Backlog'!$O$10:$O$18,0)),"")
A12: =IFERROR(INDEX('Sprint Backlog'!$P$10:$P$18,MATCH("Por hacer|"&8,'Sprint Backlog'!$O$10:$O$18,0)),"") -> HU-21 · Solicitar una tutoría · Damaris · 8 h | B12: =IFERROR(INDEX('Sprint Backlog'!$P$10:$P$18,MATCH("En curso|"&8,'Sprint Backlog'!$O$10:$O$18,0)),"") | C12: =IFERROR(INDEX('Sprint Backlog'!$P$10:$P$18,MATCH("En revisión|"&8,'Sprint Backlog'!$O$10:$O$18,0)),"") | D12: =IFERROR(INDEX('Sprint Backlog'!$P$10:$P$18,MATCH("Listo|"&8,'Sprint Backlog'!$O$10:$O$18,0)),"")
A13: =IFERROR(INDEX('Sprint Backlog'!$P$10:$P$18,MATCH("Por hacer|"&9,'Sprint Backlog'!$O$10:$O$18,0)),"") -> HU-16 · Avisos por correo · Bryan · 10 h | B13: =IFERROR(INDEX('Sprint Backlog'!$P$10:$P$18,MATCH("En curso|"&9,'Sprint Backlog'!$O$10:$O$18,0)),"") | C13: =IFERROR(INDEX('Sprint Backlog'!$P$10:$P$18,MATCH("En revisión|"&9,'Sprint Backlog'!$O$10:$O$18,0)),"") | D13: =IFERROR(INDEX('Sprint Backlog'!$P$10:$P$18,MATCH("Listo|"&9,'Sprint Backlog'!$O$10:$O$18,0)),"")
A15: Columnas: Por hacer · En curso · En revisión (Pull Request abierto) · Listo (cumple la definición de Listo y está fusionada a develop). Si el equipo usa el tablero del repositorio (GitHub Projects), esta hoja se actualiza con su estado al cierre y queda como evidencia.

Sheet Burndown
A1: Sprint 2 · Burndown
A2: Horas que faltan para terminar lo comprometido. Solo cuentan las historias en Listo, el día en que se fusionaron.
A4: Horas comprometidas | B4: ='Sprint Backlog'!F19 -> 100
A5: Días del sprint | B5: ='Sprint Backlog'!E7-'Sprint Backlog'!C7+1 -> 14
A6: Datos hasta el | B6: =IF('Sprint Backlog'!H7="",'Sprint Backlog'!C7-1,'Sprint Backlog'!H7) -> 46299
A8: Día | B8: Fecha | C8: Ideal (h que faltan) | D8: Real (h que faltan) | E8: Terminadas ese día (h)
A9: Inicio | C9: =$B$4 -> 100 | D9: =$B$4 -> 100
A10: =TEXT(B10,"dd-mm") -> 05-10 | B10: ='Sprint Backlog'!$C$7+0 -> 46300 | C10: =$B$4*(1-1/$B$5) -> 92.857143 | D10: =IF(B10<=$B$6,$B$4-SUMIFS('Sprint Backlog'!$F$10:$F$18,'Sprint Backlog'!$H$10:$H$18,"Listo",'Sprint Backlog'!$I$10:$I$18,"<="&B10),"") | E10: =IF(D10="","",D9-D10)
A11: =TEXT(B11,"dd-mm") -> 06-10 | B11: ='Sprint Backlog'!$C$7+1 -> 46301 | C11: =$B$4*(1-2/$B$5) -> 85.714286 | D11: =IF(B11<=$B$6,$B$4-SUMIFS('Sprint Backlog'!$F$10:$F$18,'Sprint Backlog'!$H$10:$H$18,"Listo",'Sprint Backlog'!$I$10:$I$18,"<="&B11),"") | E11: =IF(D11="","",D10-D11)
A12: =TEXT(B12,"dd-mm") -> 07-10 | B12: ='Sprint Backlog'!$C$7+2 -> 46302 | C12: =$B$4*(1-3/$B$5) -> 78.571429 | D12: =IF(B12<=$B$6,$B$4-SUMIFS('Sprint Backlog'!$F$10:$F$18,'Sprint Backlog'!$H$10:$H$18,"Listo",'Sprint Backlog'!$I$10:$I$18,"<="&B12),"") | E12: =IF(D12="","",D11-D12)
A13: =TEXT(B13,"dd-mm") -> 08-10 | B13: ='Sprint Backlog'!$C$7+3 -> 46303 | C13: =$B$4*(1-4/$B$5) -> 71.428571 | D13: =IF(B13<=$B$6,$B$4-SUMIFS('Sprint Backlog'!$F$10:$F$18,'Sprint Backlog'!$H$10:$H$18,"Listo",'Sprint Backlog'!$I$10:$I$18,"<="&B13),"") | E13: =IF(D13="","",D12-D13)
A14: =TEXT(B14,"dd-mm") -> 09-10 | B14: ='Sprint Backlog'!$C$7+4 -> 46304 | C14: =$B$4*(1-5/$B$5) -> 64.285714 | D14: =IF(B14<=$B$6,$B$4-SUMIFS('Sprint Backlog'!$F$10:$F$18,'Sprint Backlog'!$H$10:$H$18,"Listo",'Sprint Backlog'!$I$10:$I$18,"<="&B14),"") | E14: =IF(D14="","",D13-D14)
A15: =TEXT(B15,"dd-mm") -> 10-10 | B15: ='Sprint Backlog'!$C$7+5 -> 46305 | C15: =$B$4*(1-6/$B$5) -> 57.142857 | D15: =IF(B15<=$B$6,$B$4-SUMIFS('Sprint Backlog'!$F$10:$F$18,'Sprint Backlog'!$H$10:$H$18,"Listo",'Sprint Backlog'!$I$10:$I$18,"<="&B15),"") | E15: =IF(D15="","",D14-D15)
A16: =TEXT(B16,"dd-mm") -> 11-10 | B16: ='Sprint Backlog'!$C$7+6 -> 46306 | C16: =$B$4*(1-7/$B$5) -> 50 | D16: =IF(B16<=$B$6,$B$4-SUMIFS('Sprint Backlog'!$F$10:$F$18,'Sprint Backlog'!$H$10:$H$18,"Listo",'Sprint Backlog'!$I$10:$I$18,"<="&B16),"") | E16: =IF(D16="","",D15-D16)
A17: =TEXT(B17,"dd-mm") -> 12-10 | B17: ='Sprint Backlog'!$C$7+7 -> 46307 | C17: =$B$4*(1-8/$B$5) -> 42.857143 | D17: =IF(B17<=$B$6,$B$4-SUMIFS('Sprint Backlog'!$F$10:$F$18,'Sprint Backlog'!$H$10:$H$18,"Listo",'Sprint Backlog'!$I$10:$I$18,"<="&B17),"") | E17: =IF(D17="","",D16-D17)
A18: =TEXT(B18,"dd-mm") -> 13-10 | B18: ='Sprint Backlog'!$C$7+8 -> 46308 | C18: =$B$4*(1-9/$B$5) -> 35.714286 | D18: =IF(B18<=$B$6,$B$4-SUMIFS('Sprint Backlog'!$F$10:$F$18,'Sprint Backlog'!$H$10:$H$18,"Listo",'Sprint Backlog'!$I$10:$I$18,"<="&B18),"") | E18: =IF(D18="","",D17-D18)
A19: =TEXT(B19,"dd-mm") -> 14-10 | B19: ='Sprint Backlog'!$C$7+9 -> 46309 | C19: =$B$4*(1-10/$B$5) -> 28.571429 | D19: =IF(B19<=$B$6,$B$4-SUMIFS('Sprint Backlog'!$F$10:$F$18,'Sprint Backlog'!$H$10:$H$18,"Listo",'Sprint Backlog'!$I$10:$I$18,"<="&B19),"") | E19: =IF(D19="","",D18-D19)
A20: =TEXT(B20,"dd-mm") -> 15-10 | B20: ='Sprint Backlog'!$C$7+10 -> 46310 | C20: =$B$4*(1-11/$B$5) -> 21.428571 | D20: =IF(B20<=$B$6,$B$4-SUMIFS('Sprint Backlog'!$F$10:$F$18,'Sprint Backlog'!$H$10:$H$18,"Listo",'Sprint Backlog'!$I$10:$I$18,"<="&B20),"") | E20: =IF(D20="","",D19-D20)
A21: =TEXT(B21,"dd-mm") -> 16-10 | B21: ='Sprint Backlog'!$C$7+11 -> 46311 | C21: =$B$4*(1-12/$B$5) -> 14.285714 | D21: =IF(B21<=$B$6,$B$4-SUMIFS('Sprint Backlog'!$F$10:$F$18,'Sprint Backlog'!$H$10:$H$18,"Listo",'Sprint Backlog'!$I$10:$I$18,"<="&B21),"") | E21: =IF(D21="","",D20-D21)
A22: =TEXT(B22,"dd-mm") -> 17-10 | B22: ='Sprint Backlog'!$C$7+12 -> 46312 | C22: =$B$4*(1-13/$B$5) -> 7.1428571 | D22: =IF(B22<=$B$6,$B$4-SUMIFS('Sprint Backlog'!$F$10:$F$18,'Sprint Backlog'!$H$10:$H$18,"Listo",'Sprint Backlog'!$I$10:$I$18,"<="&B22),"") | E22: =IF(D22="","",D21-D22)
A23: =TEXT(B23,"dd-mm") -> 18-10 | B23: ='Sprint Backlog'!$C$7+13 -> 46313 | C23: =$B$4*(1-14/$B$5) -> 0 | D23: =IF(B23<=$B$6,$B$4-SUMIFS('Sprint Backlog'!$F$10:$F$18,'Sprint Backlog'!$H$10:$H$18,"Listo",'Sprint Backlog'!$I$10:$I$18,"<="&B23),"") | E23: =IF(D23="","",D22-D23)
A25: Barras: horas que faltan según las historias en Listo hasta la fecha de «Datos hasta el». Línea roja: avance ideal parejo. Las barras bajan de a saltos porque una historia solo cuenta cuando se fusiona completa: partir las historias grandes suaviza la curva.

Sheet Capacidad
A1: Sprint 2 · Capacidad y velocidad
A2: Horas declaradas cada lunes (acuerdo A1) frente a lo comprometido y lo terminado. Es la base de la velocidad del sprint.
A4: Integrante | B4: Declaradas semana 1 (h) | C4: Declaradas semana 2 (h) | D4: Capacidad de desarrollo (h) | E4: Comprometidas (h) | F4: Terminadas (h) | G4: % terminado | H4: Observaciones
A5: Bryan Bacchi | D5: 29.5 | E5: =SUMIFS('Sprint Backlog'!$F$10:$F$18,'Sprint Backlog'!$D$10:$D$18,"Bryan") -> 30 | F5: =SUMIFS('Sprint Backlog'!$F$10:$F$18,'Sprint Backlog'!$D$10:$D$18,"Bryan",'Sprint Backlog'!$H$10:$H$18,"Listo") -> 0 | G5: =IF(E5=0,0,F5/E5) -> 0
A6: Francisco Tejeda | D6: 37.5 | E6: =SUMIFS('Sprint Backlog'!$F$10:$F$18,'Sprint Backlog'!$D$10:$D$18,"Francisco") -> 36 | F6: =SUMIFS('Sprint Backlog'!$F$10:$F$18,'Sprint Backlog'!$D$10:$D$18,"Francisco",'Sprint Backlog'!$H$10:$H$18,"Listo") -> 0 | G6: =IF(E6=0,0,F6/E6) -> 0
A7: Damaris Iriarte | D7: 37.5 | E7: =SUMIFS('Sprint Backlog'!$F$10:$F$18,'Sprint Backlog'!$D$10:$D$18,"Damaris") -> 34 | F7: =SUMIFS('Sprint Backlog'!$F$10:$F$18,'Sprint Backlog'!$D$10:$D$18,"Damaris",'Sprint Backlog'!$H$10:$H$18,"Listo") -> 0 | G7: =IF(E7=0,0,F7/E7) -> 0
A8: Total | B8: =SUM(B5:B7) -> 0 | C8: =SUM(C5:C7) -> 0 | D8: =SUM(D5:D7) -> 104.5 | E8: =SUM(E5:E7) -> 100 | F8: =SUM(F5:F7) -> 0 | G8: =IF(E8=0,0,F8/E8) -> 0
A10: Capacidad con 25 h semanales: 14,75 h de desarrollo por semana para Bryan y 18,75 h para Francisco y Damaris (replanificación).
A13: En amarillo: lo que el equipo completa (horas declaradas cada lunes y observaciones). En azul: valores escritos a mano. La velocidad del sprint es la fila Total de «Terminadas».

Sheet Instrucciones
A1: Sprint 2 · Instrucciones
A3: Cómo se usa
A4: 1. Cada vez que cambia algo | B4: En la hoja Sprint Backlog, cambia el Estado de la historia (Por hacer, En curso, En revisión o Listo). Si pasa a Listo, escribe la Fecha Listo: el día en que se fusionó a develop.
A5: 2. Al actualizar | B5: Cambia la fecha «Actualizado al» (celda amarilla). El burndown se dibuja hasta esa fecha y el scrumboard se reordena solo.
A6: 3. Cada lunes | B6: En la hoja Capacidad, cada uno escribe las horas que declaró en el chat (acuerdo A1).
A7: 4. Al cerrar el sprint | B7: Completa Horas reales y Rama o Pull Request de cada historia, revisa el indicador al cierre y copia los números al Sprint Review.
A8: Ejemplo de llenado | B8: Rama o Pull Request: «feat/HU-04-registro · PR #5». Horas reales: 11. Fecha Listo: 30-09-2026. (Ejemplo ilustrativo, no es un dato real.)
A10: Definición de Listo (Pilar 5 §8)
A11: Una historia está en Listo solo si | B11: Cumple sus criterios de aceptación sobre el sistema levantado · tiene pruebas automáticas de sus reglas · la integración continua está en verde · un compañero la aprobó · el contrato en docs/api refleja la API real · se levanta desde un clon limpio · está fusionada a develop.
A13: Reuniones del sprint
A14: Lunes 05-10 | B14: Declaración de horas de la semana (A1)
A15: Martes 06-10 | B15: Sincronización de inicio (60 min)
A16: Viernes 09-10 | B16: Punto de control (30 min)
A17: Lunes 12-10 | B17: Declaración de horas (A1). Feriado: puede sumar o restar horas
A18: Martes 13-10 | B18: Sincronización de inicio (60 min)
A19: Viernes 16-10 | B19: Punto de control (30 min)
A20: Domingo 18-10 | B20: Cierre del sprint (90 min) y reporte al profesor. Disparador: menos del 90 % terminado aplica el escalón 3
A22: Fuentes
A23: Historias, horas y dueños | B23: Pilar 4 v1.6 y replanificación del 25-09 (sprints y dos cambios de dueño a acordar).
A24: Estado inicial | B24: Todas en Por hacer: el sprint todavía no empieza.
